"TestClass","TestMethod","ErrorType","ExactException","EarliestMeaningfulFrame","TestCallFrames","RootCause","FixtureDependency","FixtureModes","ProductionComponent","SecurityInvariant","WindowsSupport","MacSpecific","WindowsEquivalent","Classification","CorrectiveRecommendation","Risk"
"panel.localservice.ChainStatusClientTest","notConfiguredIsTheProductionAnswerAndCarriesNothingAboutAChain","java.io.IOException","native_ipc_fixture_unqualified: POSIX pairing and native peer identity required; no Windows substitute","at panel.localservice.IpcTestFiles.requirePosixPairing(IpcTestFiles.java:18)","	at panel.localservice.IpcTestFiles.requirePosixPairing(IpcTestFiles.java:18) -> 	at panel.localservice.FakeService.<init>(FakeService.java:39) -> 	at panel.localservice.ChainStatusClientTest.fake(ChainStatusClientTest.java:40) -> 	at panel.localservice.ChainStatusClientTest.notConfiguredIsTheProductionAnswerAndCarriesNothingAboutAChain(ChainStatusClientTest.java:67)","Fixture refuses unqualified Windows POSIX pairing/native peer identity before endpoint or token creation","FakeService.java:39; IpcTestFiles.requirePosixPairing; POSIX-private runtime/token and UNIX socket","GOOD","ChainStatusClient -> LocalServiceClient -> macOS ServiceInstance","Typed NOT_CONFIGURED; no invented chain/network facts","Not qualified: native Service channel unavailable; portable parser and Windows denial cases stay active","POSIX fixture is Unix-specific; packaged audit-token/code identity is macOS-specific; application invariant is portable","Candidate explicit-DACL named pipes plus independently approved live peer/code identity; no implemented equivalent","B (observed fixture), C (product gap); D is transitive channel prerequisite","Preserve original test and assertions; add genuine native Windows equivalent after RFC identity gate; no skip, forged credential or synthetic success","HIGH qualification gap: never infer protocol correctness or live status from fixture refusal"
"panel.localservice.ChainStatusClientTest","aValidStatusIsReadOverTheTypedChannelWithNoArguments","java.io.IOException","native_ipc_fixture_unqualified: POSIX pairing and native peer identity required; no Windows substitute","at panel.localservice.IpcTestFiles.requirePosixPairing(IpcTestFiles.java:18)","	at panel.localservice.IpcTestFiles.requirePosixPairing(IpcTestFiles.java:18) -> 	at panel.localservice.FakeService.<init>(FakeService.java:39) -> 	at panel.localservice.ChainStatusClientTest.fake(ChainStatusClientTest.java:40) -> 	at panel.localservice.ChainStatusClientTest.aValidStatusIsReadOverTheTypedChannelWithNoArguments(ChainStatusClientTest.java:55)","Fixture refuses unqualified Windows POSIX pairing/native peer identity before endpoint or token creation","FakeService.java:39; IpcTestFiles.requirePosixPairing; POSIX-private runtime/token and UNIX socket","GOOD","ChainStatusClient -> LocalServiceClient -> macOS ServiceInstance","Argument-free typed chain.status; honest server result","Not qualified: native Service channel unavailable; portable parser and Windows denial cases stay active","POSIX fixture is Unix-specific; packaged audit-token/code identity is macOS-specific; application invariant is portable","Candidate explicit-DACL named pipes plus independently approved live peer/code identity; no implemented equivalent","B (observed fixture), C (product gap); D is transitive channel prerequisite","Preserve original test and assertions; add genuine native Windows equivalent after RFC identity gate; no skip, forged credential or synthetic success","HIGH qualification gap: never infer protocol correctness or live status from fixture refusal"
"panel.localservice.ChainStatusClientTest","anAbsentHostileOrBrokenServiceIsAnErrorNeverHealthy","java.io.IOException","native_ipc_fixture_unqualified: POSIX pairing and native peer identity required; no Windows substitute","at panel.localservice.IpcTestFiles.requirePosixPairing(IpcTestFiles.java:18)","	at panel.localservice.IpcTestFiles.requirePosixPairing(IpcTestFiles.java:18) -> 	at panel.localservice.FakeService.<init>(FakeService.java:39) -> 	at panel.localservice.ChainStatusClientTest.anAbsentHostileOrBrokenServiceIsAnErrorNeverHealthy(ChainStatusClientTest.java:82)","Fixture refuses unqualified Windows POSIX pairing/native peer identity before endpoint or token creation","FakeService.java:39; IpcTestFiles.requirePosixPairing; POSIX-private runtime/token and UNIX socket","IMPOSTOR,GARBAGE,REJECTS_CLIENT,OVERSIZE","ChainStatusClient -> LocalServiceClient -> macOS ServiceInstance","Absent/hostile/broken service never healthy; absent assertions run before fixture refusal","Not qualified: native Service channel unavailable; portable parser and Windows denial cases stay active","POSIX fixture is Unix-specific; packaged audit-token/code identity is macOS-specific; application invariant is portable","Candidate explicit-DACL named pipes plus independently approved live peer/code identity; no implemented equivalent","B (observed fixture), C (product gap); D is transitive channel prerequisite","Preserve original test and assertions; add genuine native Windows equivalent after RFC identity gate; no skip, forged credential or synthetic success","HIGH qualification gap: never infer protocol correctness or live status from fixture refusal"
"panel.localservice.LocalServiceClientTest","packagedClientRefusesAServiceWhoseCodeIdentityIsNotVerifiedEvenWithTheRightSecret","java.io.IOException","native_ipc_fixture_unqualified: POSIX pairing and native peer identity required; no Windows substitute","at panel.localservice.IpcTestFiles.requirePosixPairing(IpcTestFiles.java:18)","	at panel.localservice.IpcTestFiles.requirePosixPairing(IpcTestFiles.java:18) -> 	at panel.localservice.FakeService.<init>(FakeService.java:39) -> 	at panel.localservice.LocalServiceClientTest.fake(LocalServiceClientTest.java:44) -> 	at panel.localservice.LocalServiceClientTest.packagedClientRefusesAServiceWhoseCodeIdentityIsNotVerifiedEvenWithTheRightSecret(LocalServiceClientTest.java:67)","Fixture refuses unqualified Windows POSIX pairing/native peer identity before endpoint or token creation","FakeService.java:39; IpcTestFiles.requirePosixPairing; POSIX-private runtime/token and UNIX socket","GOOD; strict verifier deny AND accept branches","LocalServiceClient -> LocalServiceClient -> macOS ServiceInstance","Code identity before hello despite correct pairing; both original branches remain","Not qualified: native Service channel unavailable; portable parser and Windows denial cases stay active","POSIX fixture is Unix-specific; packaged audit-token/code identity is macOS-specific; application invariant is portable","Candidate explicit-DACL named pipes plus independently approved live peer/code identity; no implemented equivalent","B (observed fixture), C (product gap), D (direct identity/auth invariant)","Preserve original test and assertions; add genuine native Windows equivalent after RFC identity gate; no skip, forged credential or synthetic success","HIGH: weak substitute can enable impersonation, replay or credential exposure"
"panel.localservice.LocalServiceClientTest","restartIsReadFreshAndNeverReusesTheOldPairing","java.io.IOException","native_ipc_fixture_unqualified: POSIX pairing and native peer identity required; no Windows substitute","at panel.localservice.IpcTestFiles.requirePosixPairing(IpcTestFiles.java:18)","	at panel.localservice.IpcTestFiles.requirePosixPairing(IpcTestFiles.java:18) -> 	at panel.localservice.FakeService.<init>(FakeService.java:39) -> 	at panel.localservice.LocalServiceClientTest.fake(LocalServiceClientTest.java:44) -> 	at panel.localservice.LocalServiceClientTest.restartIsReadFreshAndNeverReusesTheOldPairing(LocalServiceClientTest.java:181)","Fixture refuses unqualified Windows POSIX pairing/native peer identity before endpoint or token creation","FakeService.java:39; IpcTestFiles.requirePosixPairing; POSIX-private runtime/token and UNIX socket","GOOD twice","LocalServiceClient -> LocalServiceClient -> macOS ServiceInstance","Fresh pairing and fresh Service generation after restart; no stale connected state","Not qualified: native Service channel unavailable; portable parser and Windows denial cases stay active","POSIX fixture is Unix-specific; packaged audit-token/code identity is macOS-specific; application invariant is portable","Candidate explicit-DACL named pipes plus independently approved live peer/code identity; no implemented equivalent","B (observed fixture), C (product gap), D (direct identity/auth invariant)","Preserve original test and assertions; add genuine native Windows equivalent after RFC identity gate; no skip, forged credential or synthetic success","HIGH: weak substitute can enable impersonation, replay or credential exposure"
"panel.localservice.LocalServiceClientTest","oversizedGarbageAndOutOfContractResponsesAreRejected","java.io.IOException","native_ipc_fixture_unqualified: POSIX pairing and native peer identity required; no Windows substitute","at panel.localservice.IpcTestFiles.requirePosixPairing(IpcTestFiles.java:18)","	at panel.localservice.IpcTestFiles.requirePosixPairing(IpcTestFiles.java:18) -> 	at panel.localservice.FakeService.<init>(FakeService.java:39) -> 	at panel.localservice.LocalServiceClientTest.fake(LocalServiceClientTest.java:44) -> 	at panel.localservice.LocalServiceClientTest.oversizedGarbageAndOutOfContractResponsesAreRejected(LocalServiceClientTest.java:167)","Fixture refuses unqualified Windows POSIX pairing/native peer identity before endpoint or token creation","FakeService.java:39; IpcTestFiles.requirePosixPairing; POSIX-private runtime/token and UNIX socket","OVERSIZE,GARBAGE,INCOMPATIBLE_PROTOCOL,HOSTILE_STRINGS","LocalServiceClient -> LocalServiceClient -> macOS ServiceInstance","Allocation cap, strict protocol/version and untrusted-string rejection","Not qualified: native Service channel unavailable; portable parser and Windows denial cases stay active","POSIX fixture is Unix-specific; packaged audit-token/code identity is macOS-specific; application invariant is portable","Candidate explicit-DACL named pipes plus independently approved live peer/code identity; no implemented equivalent","B (observed fixture), C (product gap); D is transitive channel prerequisite","Preserve original test and assertions; add genuine native Windows equivalent after RFC identity gate; no skip, forged credential or synthetic success","HIGH qualification gap: never infer protocol correctness or live status from fixture refusal"
"panel.localservice.LocalServiceClientTest","unsafeOrInvalidPairingFilesAreRefusedWithoutConnecting","java.io.IOException","native_ipc_fixture_unqualified: POSIX pairing and native peer identity required; no Windows substitute","at panel.localservice.IpcTestFiles.requirePosixPairing(IpcTestFiles.java:18)","	at panel.localservice.IpcTestFiles.requirePosixPairing(IpcTestFiles.java:18) -> 	at panel.localservice.FakeService.<init>(FakeService.java:39) -> 	at panel.localservice.LocalServiceClientTest.fake(LocalServiceClientTest.java:44) -> 	at panel.localservice.LocalServiceClientTest.unsafeOrInvalidPairingFilesAreRefusedWithoutConnecting(LocalServiceClientTest.java:108)","Fixture refuses unqualified Windows POSIX pairing/native peer identity before endpoint or token creation","FakeService.java:39; IpcTestFiles.requirePosixPairing; POSIX-private runtime/token and UNIX socket","GOOD; mode/token/link variants","LocalServiceClient -> LocalServiceClient -> macOS ServiceInstance","0700 directory/0600 token; current owner; no symlink; bounded valid 32-byte secret; no connection on invalid file","Not qualified: native Service channel unavailable; portable parser and Windows denial cases stay active","POSIX fixture is Unix-specific; packaged audit-token/code identity is macOS-specific; application invariant is portable","Candidate explicit-DACL named pipes plus independently approved live peer/code identity; no implemented equivalent","B (observed fixture), C (product gap), D (direct identity/auth invariant)","Preserve original test and assertions; add genuine native Windows equivalent after RFC identity gate; no skip, forged credential or synthetic success","HIGH: weak substitute can enable impersonation, replay or credential exposure"
"panel.localservice.LocalServiceClientTest","pairedServiceIsReadAndPrivateCapabilitiesAreNeverTrusted","java.io.IOException","native_ipc_fixture_unqualified: POSIX pairing and native peer identity required; no Windows substitute","at panel.localservice.IpcTestFiles.requirePosixPairing(IpcTestFiles.java:18)","	at panel.localservice.IpcTestFiles.requirePosixPairing(IpcTestFiles.java:18) -> 	at panel.localservice.FakeService.<init>(FakeService.java:39) -> 	at panel.localservice.LocalServiceClientTest.fake(LocalServiceClientTest.java:44) -> 	at panel.localservice.LocalServiceClientTest.pairedServiceIsReadAndPrivateCapabilitiesAreNeverTrusted(LocalServiceClientTest.java:55)","Fixture refuses unqualified Windows POSIX pairing/native peer identity before endpoint or token creation","FakeService.java:39; IpcTestFiles.requirePosixPairing; POSIX-private runtime/token and UNIX socket","GOOD","LocalServiceClient -> LocalServiceClient -> macOS ServiceInstance","Paired status readable; backend private capability claims never authorize Panel","Not qualified: native Service channel unavailable; portable parser and Windows denial cases stay active","POSIX fixture is Unix-specific; packaged audit-token/code identity is macOS-specific; application invariant is portable","Candidate explicit-DACL named pipes plus independently approved live peer/code identity; no implemented equivalent","B (observed fixture), C (product gap); D is transitive channel prerequisite","Preserve original test and assertions; add genuine native Windows equivalent after RFC identity gate; no skip, forged credential or synthetic success","HIGH qualification gap: never infer protocol correctness or live status from fixture refusal"
"panel.localservice.LocalServiceClientTest","aServiceThatRejectsOurProofIsAuthFailedNotConnected","java.io.IOException","native_ipc_fixture_unqualified: POSIX pairing and native peer identity required; no Windows substitute","at panel.localservice.IpcTestFiles.requirePosixPairing(IpcTestFiles.java:18)","	at panel.localservice.IpcTestFiles.requirePosixPairing(IpcTestFiles.java:18) -> 	at panel.localservice.FakeService.<init>(FakeService.java:39) -> 	at panel.localservice.LocalServiceClientTest.fake(LocalServiceClientTest.java:44) -> 	at panel.localservice.LocalServiceClientTest.aServiceThatRejectsOurProofIsAuthFailedNotConnected(LocalServiceClientTest.java:100)","Fixture refuses unqualified Windows POSIX pairing/native peer identity before endpoint or token creation","FakeService.java:39; IpcTestFiles.requirePosixPairing; POSIX-private runtime/token and UNIX socket","REJECTS_CLIENT","LocalServiceClient -> LocalServiceClient -> macOS ServiceInstance","Rejected client HMAC maps to AUTH_FAILED; never connected","Not qualified: native Service channel unavailable; portable parser and Windows denial cases stay active","POSIX fixture is Unix-specific; packaged audit-token/code identity is macOS-specific; application invariant is portable","Candidate explicit-DACL named pipes plus independently approved live peer/code identity; no implemented equivalent","B (observed fixture), C (product gap), D (direct identity/auth invariant)","Preserve original test and assertions; add genuine native Windows equivalent after RFC identity gate; no skip, forged credential or synthetic success","HIGH: weak substitute can enable impersonation, replay or credential exposure"
"panel.localservice.LocalServiceClientTest","anImpostorThatDoesNotKnowTheSecretIsRejectedBeforeAnyProofIsSent","java.io.IOException","native_ipc_fixture_unqualified: POSIX pairing and native peer identity required; no Windows substitute","at panel.localservice.IpcTestFiles.requirePosixPairing(IpcTestFiles.java:18)","	at panel.localservice.IpcTestFiles.requirePosixPairing(IpcTestFiles.java:18) -> 	at panel.localservice.FakeService.<init>(FakeService.java:39) -> 	at panel.localservice.LocalServiceClientTest.fake(LocalServiceClientTest.java:44) -> 	at panel.localservice.LocalServiceClientTest.anImpostorThatDoesNotKnowTheSecretIsRejectedBeforeAnyProofIsSent(LocalServiceClientTest.java:80)","Fixture refuses unqualified Windows POSIX pairing/native peer identity before endpoint or token creation","FakeService.java:39; IpcTestFiles.requirePosixPairing; POSIX-private runtime/token and UNIX socket","IMPOSTOR","LocalServiceClient -> LocalServiceClient -> macOS ServiceInstance","Verify server proof before disclosing client proof or requests","Not qualified: native Service channel unavailable; portable parser and Windows denial cases stay active","POSIX fixture is Unix-specific; packaged audit-token/code identity is macOS-specific; application invariant is portable","Candidate explicit-DACL named pipes plus independently approved live peer/code identity; no implemented equivalent","B (observed fixture), C (product gap), D (direct identity/auth invariant)","Preserve original test and assertions; add genuine native Windows equivalent after RFC identity gate; no skip, forged credential or synthetic success","HIGH: weak substitute can enable impersonation, replay or credential exposure"
"panel.localservice.LocalServiceClientTest","statusTextNeverCarriesPathsOrSecrets","java.io.IOException","native_ipc_fixture_unqualified: POSIX pairing and native peer identity required; no Windows substitute","at panel.localservice.IpcTestFiles.requirePosixPairing(IpcTestFiles.java:18)","	at panel.localservice.IpcTestFiles.requirePosixPairing(IpcTestFiles.java:18) -> 	at panel.localservice.FakeService.<init>(FakeService.java:39) -> 	at panel.localservice.LocalServiceClientTest.fake(LocalServiceClientTest.java:44) -> 	at panel.localservice.LocalServiceClientTest.statusTextNeverCarriesPathsOrSecrets(LocalServiceClientTest.java:193)","Fixture refuses unqualified Windows POSIX pairing/native peer identity before endpoint or token creation","FakeService.java:39; IpcTestFiles.requirePosixPairing; POSIX-private runtime/token and UNIX socket","All FakeService modes except STALL","LocalServiceClient -> LocalServiceClient -> macOS ServiceInstance","Actual wire-derived status fields redact paths and pairing secret; not only static status factories","Not qualified: native Service channel unavailable; portable parser and Windows denial cases stay active","POSIX fixture is Unix-specific; packaged audit-token/code identity is macOS-specific; application invariant is portable","Candidate explicit-DACL named pipes plus independently approved live peer/code identity; no implemented equivalent","B (observed fixture), C (product gap); D is transitive channel prerequisite","Preserve original test and assertions; add genuine native Windows equivalent after RFC identity gate; no skip, forged credential or synthetic success","HIGH qualification gap: never infer protocol correctness or live status from fixture refusal"
"panel.localservice.LocalServiceClientTest","aServerProofReplayedFromAnEarlierConversationIsRejected","java.io.IOException","native_ipc_fixture_unqualified: POSIX pairing and native peer identity required; no Windows substitute","at panel.localservice.IpcTestFiles.requirePosixPairing(IpcTestFiles.java:18)","	at panel.localservice.IpcTestFiles.requirePosixPairing(IpcTestFiles.java:18) -> 	at panel.localservice.FakeService.<init>(FakeService.java:39) -> 	at panel.localservice.LocalServiceClientTest.fake(LocalServiceClientTest.java:44) -> 	at panel.localservice.LocalServiceClientTest.aServerProofReplayedFromAnEarlierConversationIsRejected(LocalServiceClientTest.java:90)","Fixture refuses unqualified Windows POSIX pairing/native peer identity before endpoint or token creation","FakeService.java:39; IpcTestFiles.requirePosixPairing; POSIX-private runtime/token and UNIX socket","REPLAYED_SERVER_PROOF","LocalServiceClient -> LocalServiceClient -> macOS ServiceInstance","Nonce-bound server proof; no client auth/request sent to replaying endpoint","Not qualified: native Service channel unavailable; portable parser and Windows denial cases stay active","POSIX fixture is Unix-specific; packaged audit-token/code identity is macOS-specific; application invariant is portable","Candidate explicit-DACL named pipes plus independently approved live peer/code identity; no implemented equivalent","B (observed fixture), C (product gap), D (direct identity/auth invariant)","Preserve original test and assertions; add genuine native Windows equivalent after RFC identity gate; no skip, forged credential or synthetic success","HIGH: weak substitute can enable impersonation, replay or credential exposure"
"panel.localservice.LocalServiceClientTest","silentServiceTimesOutAndIsNotRetriedForever","java.io.IOException","native_ipc_fixture_unqualified: POSIX pairing and native peer identity required; no Windows substitute","at panel.localservice.IpcTestFiles.requirePosixPairing(IpcTestFiles.java:18)","	at panel.localservice.IpcTestFiles.requirePosixPairing(IpcTestFiles.java:18) -> 	at panel.localservice.FakeService.<init>(FakeService.java:39) -> 	at panel.localservice.LocalServiceClientTest.fake(LocalServiceClientTest.java:44) -> 	at panel.localservice.LocalServiceClientTest.silentServiceTimesOutAndIsNotRetriedForever(LocalServiceClientTest.java:156)","Fixture refuses unqualified Windows POSIX pairing/native peer identity before endpoint or token creation","FakeService.java:39; IpcTestFiles.requirePosixPairing; POSIX-private runtime/token and UNIX socket","STALL","LocalServiceClient -> LocalServiceClient -> macOS ServiceInstance","TOTAL_TIMEOUT_MS + 1500ms bound and TIMEOUT result; no unbounded retry","Not qualified: native Service channel unavailable; portable parser and Windows denial cases stay active","POSIX fixture is Unix-specific; packaged audit-token/code identity is macOS-specific; application invariant is portable","Candidate explicit-DACL named pipes plus independently approved live peer/code identity; no implemented equivalent","B (observed fixture), C (product gap); D is transitive channel prerequisite","Preserve original test and assertions; add genuine native Windows equivalent after RFC identity gate; no skip, forged credential or synthetic success","HIGH qualification gap: never infer protocol correctness or live status from fixture refusal"
"panel.localservice.MarketFeedClientTest","aServiceWithoutTheMarketCapabilityIsUnsupportedNotLive","java.io.IOException","native_ipc_fixture_unqualified: POSIX pairing and native peer identity required; no Windows substitute","at panel.localservice.IpcTestFiles.requirePosixPairing(IpcTestFiles.java:18)","	at panel.localservice.IpcTestFiles.requirePosixPairing(IpcTestFiles.java:18) -> 	at panel.localservice.FakeMarketService.<init>(FakeMarketService.java:46) -> 	at panel.localservice.MarketFeedClientTest.start(MarketFeedClientTest.java:48) -> 	at panel.localservice.MarketFeedClientTest.aServiceWithoutTheMarketCapabilityIsUnsupportedNotLive(MarketFeedClientTest.java:96)","Fixture refuses unqualified Windows POSIX pairing/native peer identity before endpoint or token creation","FakeMarketService.java:46; IpcTestFiles.requirePosixPairing; POSIX-private runtime/token and UNIX socket","UNSUPPORTED","MarketFeedClient -> LocalServiceClient -> macOS ServiceInstance","Missing capability means UNSUPPORTED; no populated live market fields","Not qualified: native Service channel unavailable; portable parser and Windows denial cases stay active","POSIX fixture is Unix-specific; packaged audit-token/code identity is macOS-specific; application invariant is portable","Candidate explicit-DACL named pipes plus independently approved live peer/code identity; no implemented equivalent","B (observed fixture), C (product gap); D is transitive channel prerequisite","Preserve original test and assertions; add genuine native Windows equivalent after RFC identity gate; no skip, forged credential or synthetic success","HIGH qualification gap: never infer protocol correctness or live status from fixture refusal"
"panel.localservice.MarketFeedClientTest","anEventAfterStopNeverChangesTheState","java.io.IOException","native_ipc_fixture_unqualified: POSIX pairing and native peer identity required; no Windows substitute","at panel.localservice.IpcTestFiles.requirePosixPairing(IpcTestFiles.java:18)","	at panel.localservice.IpcTestFiles.requirePosixPairing(IpcTestFiles.java:18) -> 	at panel.localservice.FakeMarketService.<init>(FakeMarketService.java:46) -> 	at panel.localservice.MarketFeedClientTest.start(MarketFeedClientTest.java:48) -> 	at panel.localservice.MarketFeedClientTest.anEventAfterStopNeverChangesTheState(MarketFeedClientTest.java:166)","Fixture refuses unqualified Windows POSIX pairing/native peer identity before endpoint or token creation","FakeMarketService.java:46; IpcTestFiles.requirePosixPairing; POSIX-private runtime/token and UNIX socket","LATE_EVENT","MarketFeedClient -> LocalServiceClient -> macOS ServiceInstance","Stopped generation ignores late events and stays IDLE with cleared data","Not qualified: native Service channel unavailable; portable parser and Windows denial cases stay active","POSIX fixture is Unix-specific; packaged audit-token/code identity is macOS-specific; application invariant is portable","Candidate explicit-DACL named pipes plus independently approved live peer/code identity; no implemented equivalent","B (observed fixture), C (product gap); D is transitive channel prerequisite","Preserve original test and assertions; add genuine native Windows equivalent after RFC identity gate; no skip, forged credential or synthetic success","HIGH qualification gap: never infer protocol correctness or live status from fixture refusal"
"panel.localservice.MarketFeedClientTest","reconnectsWithBackoffAndNeverHoldsTwoSessions","java.io.IOException","native_ipc_fixture_unqualified: POSIX pairing and native peer identity required; no Windows substitute","at panel.localservice.IpcTestFiles.requirePosixPairing(IpcTestFiles.java:18)","	at panel.localservice.IpcTestFiles.requirePosixPairing(IpcTestFiles.java:18) -> 	at panel.localservice.FakeMarketService.<init>(FakeMarketService.java:46) -> 	at panel.localservice.MarketFeedClientTest.start(MarketFeedClientTest.java:48) -> 	at panel.localservice.MarketFeedClientTest.reconnectsWithBackoffAndNeverHoldsTwoSessions(MarketFeedClientTest.java:141)","Fixture refuses unqualified Windows POSIX pairing/native peer identity before endpoint or token creation","FakeMarketService.java:46; IpcTestFiles.requirePosixPairing; POSIX-private runtime/token and UNIX socket","DROP_AFTER_FIRST_STATE","MarketFeedClient -> LocalServiceClient -> macOS ServiceInstance","Bounded backoff; max one open session; 3 accepts in 15s and <=6 accepts","Not qualified: native Service channel unavailable; portable parser and Windows denial cases stay active","POSIX fixture is Unix-specific; packaged audit-token/code identity is macOS-specific; application invariant is portable","Candidate explicit-DACL named pipes plus independently approved live peer/code identity; no implemented equivalent","B (observed fixture), C (product gap); D is transitive channel prerequisite","Preserve original test and assertions; add genuine native Windows equivalent after RFC identity gate; no skip, forged credential or synthetic success","HIGH qualification gap: never infer protocol correctness or live status from fixture refusal"
"panel.localservice.MarketFeedClientTest","stopCancelsTheSubscriptionClearsDataAndIsIdempotent","java.io.IOException","native_ipc_fixture_unqualified: POSIX pairing and native peer identity required; no Windows substitute","at panel.localservice.IpcTestFiles.requirePosixPairing(IpcTestFiles.java:18)","	at panel.localservice.IpcTestFiles.requirePosixPairing(IpcTestFiles.java:18) -> 	at panel.localservice.FakeMarketService.<init>(FakeMarketService.java:46) -> 	at panel.localservice.MarketFeedClientTest.start(MarketFeedClientTest.java:48) -> 	at panel.localservice.MarketFeedClientTest.stopCancelsTheSubscriptionClearsDataAndIsIdempotent(MarketFeedClientTest.java:149)","Fixture refuses unqualified Windows POSIX pairing/native peer identity before endpoint or token creation","FakeMarketService.java:46; IpcTestFiles.requirePosixPairing; POSIX-private runtime/token and UNIX socket","GOOD","MarketFeedClient -> LocalServiceClient -> macOS ServiceInstance","Stop closes subscription/peer and clears data; repeated stop safe; restart one session","Not qualified: native Service channel unavailable; portable parser and Windows denial cases stay active","POSIX fixture is Unix-specific; packaged audit-token/code identity is macOS-specific; application invariant is portable","Candidate explicit-DACL named pipes plus independently approved live peer/code identity; no implemented equivalent","B (observed fixture), C (product gap); D is transitive channel prerequisite","Preserve original test and assertions; add genuine native Windows equivalent after RFC identity gate; no skip, forged credential or synthetic success","HIGH qualification gap: never infer protocol correctness or live status from fixture refusal"
"panel.localservice.MarketFeedClientTest","everyContractViolationDropsTheSessionAndNeverBecomesData","java.io.IOException","native_ipc_fixture_unqualified: POSIX pairing and native peer identity required; no Windows substitute","at panel.localservice.IpcTestFiles.requirePosixPairing(IpcTestFiles.java:18)","	at panel.localservice.IpcTestFiles.requirePosixPairing(IpcTestFiles.java:18) -> 	at panel.localservice.FakeMarketService.<init>(FakeMarketService.java:46) -> 	at panel.localservice.MarketFeedClientTest.start(MarketFeedClientTest.java:48) -> 	at panel.localservice.MarketFeedClientTest.everyContractViolationDropsTheSessionAndNeverBecomesData(MarketFeedClientTest.java:108)","Fixture refuses unqualified Windows POSIX pairing/native peer identity before endpoint or token creation","FakeMarketService.java:46; IpcTestFiles.requirePosixPairing; POSIX-private runtime/token and UNIX socket","BAD_TOPIC,CROSSED_BOOK,TOO_MANY_LEVELS,UNSORTED_BOOK,NON_INCREASING_SEQ,BOOK_WITH_LEVELS_WHILE_NOT_LIVE,NAN_PRICE,WRONG_SYMBOL,UNKNOWN_FEED,CANDLE_GAP_ORDER","MarketFeedClient -> LocalServiceClient -> macOS ServiceInstance","Each hostile event drops session and never becomes accepted data","Not qualified: native Service channel unavailable; portable parser and Windows denial cases stay active","POSIX fixture is Unix-specific; packaged audit-token/code identity is macOS-specific; application invariant is portable","Candidate explicit-DACL named pipes plus independently approved live peer/code identity; no implemented equivalent","B (observed fixture), C (product gap); D is transitive channel prerequisite","Preserve original test and assertions; add genuine native Windows equivalent after RFC identity gate; no skip, forged credential or synthetic success","HIGH qualification gap: never infer protocol correctness or live status from fixture refusal"
"panel.localservice.MarketFeedClientTest","subscribeCarriesNoArgumentsAndNothingElseIsEverRequested","java.io.IOException","native_ipc_fixture_unqualified: POSIX pairing and native peer identity required; no Windows substitute","at panel.localservice.IpcTestFiles.requirePosixPairing(IpcTestFiles.java:18)","	at panel.localservice.IpcTestFiles.requirePosixPairing(IpcTestFiles.java:18) -> 	at panel.localservice.FakeMarketService.<init>(FakeMarketService.java:46) -> 	at panel.localservice.MarketFeedClientTest.start(MarketFeedClientTest.java:48) -> 	at panel.localservice.MarketFeedClientTest.subscribeCarriesNoArgumentsAndNothingElseIsEverRequested(MarketFeedClientTest.java:87)","Fixture refuses unqualified Windows POSIX pairing/native peer identity before endpoint or token creation","FakeMarketService.java:46; IpcTestFiles.requirePosixPairing; POSIX-private runtime/token and UNIX socket","GOOD","MarketFeedClient -> LocalServiceClient -> macOS ServiceInstance","Exact fixed market.subscribe request; no client-selected symbol or arbitrary operations","Not qualified: native Service channel unavailable; portable parser and Windows denial cases stay active","POSIX fixture is Unix-specific; packaged audit-token/code identity is macOS-specific; application invariant is portable","Candidate explicit-DACL named pipes plus independently approved live peer/code identity; no implemented equivalent","B (observed fixture), C (product gap); D is transitive channel prerequisite","Preserve original test and assertions; add genuine native Windows equivalent after RFC identity gate; no skip, forged credential or synthetic success","HIGH qualification gap: never infer protocol correctness or live status from fixture refusal"
"panel.localservice.MarketFeedClientTest","anOversizedDeclaredEventIsRefusedBeforeAllocating","java.io.IOException","native_ipc_fixture_unqualified: POSIX pairing and native peer identity required; no Windows substitute","at panel.localservice.IpcTestFiles.requirePosixPairing(IpcTestFiles.java:18)","	at panel.localservice.IpcTestFiles.requirePosixPairing(IpcTestFiles.java:18) -> 	at panel.localservice.FakeMarketService.<init>(FakeMarketService.java:46) -> 	at panel.localservice.MarketFeedClientTest.start(MarketFeedClientTest.java:48) -> 	at panel.localservice.MarketFeedClientTest.anOversizedDeclaredEventIsRefusedBeforeAllocating(MarketFeedClientTest.java:123)","Fixture refuses unqualified Windows POSIX pairing/native peer identity before endpoint or token creation","FakeMarketService.java:46; IpcTestFiles.requirePosixPairing; POSIX-private runtime/token and UNIX socket","OVERSIZE_EVENT","MarketFeedClient -> LocalServiceClient -> macOS ServiceInstance","Reject oversized declared frame before allocation; LOST without data","Not qualified: native Service channel unavailable; portable parser and Windows denial cases stay active","POSIX fixture is Unix-specific; packaged audit-token/code identity is macOS-specific; application invariant is portable","Candidate explicit-DACL named pipes plus independently approved live peer/code identity; no implemented equivalent","B (observed fixture), C (product gap); D is transitive channel prerequisite","Preserve original test and assertions; add genuine native Windows equivalent after RFC identity gate; no skip, forged credential or synthetic success","HIGH qualification gap: never infer protocol correctness or live status from fixture refusal"
"panel.localservice.MarketFeedClientTest","streamsRealShapedEventsIntoTypedData","java.io.IOException","native_ipc_fixture_unqualified: POSIX pairing and native peer identity required; no Windows substitute","at panel.localservice.IpcTestFiles.requirePosixPairing(IpcTestFiles.java:18)","	at panel.localservice.IpcTestFiles.requirePosixPairing(IpcTestFiles.java:18) -> 	at panel.localservice.FakeMarketService.<init>(FakeMarketService.java:46) -> 	at panel.localservice.MarketFeedClientTest.start(MarketFeedClientTest.java:48) -> 	at panel.localservice.MarketFeedClientTest.streamsRealShapedEventsIntoTypedData(MarketFeedClientTest.java:66)","Fixture refuses unqualified Windows POSIX pairing/native peer identity before endpoint or token creation","FakeMarketService.java:46; IpcTestFiles.requirePosixPairing; POSIX-private runtime/token and UNIX socket","GOOD","MarketFeedClient -> LocalServiceClient -> macOS ServiceInstance","Typed last/mark/index/time/trades/book/candles; coalesced notifications; no fabricated production feed","Not qualified: native Service channel unavailable; portable parser and Windows denial cases stay active","POSIX fixture is Unix-specific; packaged audit-token/code identity is macOS-specific; application invariant is portable","Candidate explicit-DACL named pipes plus independently approved live peer/code identity; no implemented equivalent","B (observed fixture), C (product gap); D is transitive channel prerequisite","Preserve original test and assertions; add genuine native Windows equivalent after RFC identity gate; no skip, forged credential or synthetic success","HIGH qualification gap: never infer protocol correctness or live status from fixture refusal"
"panel.localservice.MarketFeedClientTest","silentServiceIsDetectedAndTheLinkIsDropped","java.io.IOException","native_ipc_fixture_unqualified: POSIX pairing and native peer identity required; no Windows substitute","at panel.localservice.IpcTestFiles.requirePosixPairing(IpcTestFiles.java:18)","	at panel.localservice.IpcTestFiles.requirePosixPairing(IpcTestFiles.java:18) -> 	at panel.localservice.FakeMarketService.<init>(FakeMarketService.java:46) -> 	at panel.localservice.MarketFeedClientTest.start(MarketFeedClientTest.java:48) -> 	at panel.localservice.MarketFeedClientTest.silentServiceIsDetectedAndTheLinkIsDropped(MarketFeedClientTest.java:178)","Fixture refuses unqualified Windows POSIX pairing/native peer identity before endpoint or token creation","FakeMarketService.java:46; IpcTestFiles.requirePosixPairing; POSIX-private runtime/token and UNIX socket","SILENT_AFTER_ACK","MarketFeedClient -> LocalServiceClient -> macOS ServiceInstance","Acked STREAMING then bounded silence watchdog (~6s) reaches LOST","Not qualified: native Service channel unavailable; portable parser and Windows denial cases stay active","POSIX fixture is Unix-specific; packaged audit-token/code identity is macOS-specific; application invariant is portable","Candidate explicit-DACL named pipes plus independently approved live peer/code identity; no implemented equivalent","B (observed fixture), C (product gap); D is transitive channel prerequisite","Preserve original test and assertions; add genuine native Windows equivalent after RFC identity gate; no skip, forged credential or synthetic success","HIGH qualification gap: never infer protocol correctness or live status from fixture refusal"
"panel.localservice.MarketFeedClientTest","lostLinkKeepsLastDataAndNeverClaimsLive","java.io.IOException","native_ipc_fixture_unqualified: POSIX pairing and native peer identity required; no Windows substitute","at panel.localservice.IpcTestFiles.requirePosixPairing(IpcTestFiles.java:18)","	at panel.localservice.IpcTestFiles.requirePosixPairing(IpcTestFiles.java:18) -> 	at panel.localservice.FakeMarketService.<init>(FakeMarketService.java:46) -> 	at panel.localservice.MarketFeedClientTest.start(MarketFeedClientTest.java:48) -> 	at panel.localservice.MarketFeedClientTest.lostLinkKeepsLastDataAndNeverClaimsLive(MarketFeedClientTest.java:130)","Fixture refuses unqualified Windows POSIX pairing/native peer identity before endpoint or token creation","FakeMarketService.java:46; IpcTestFiles.requirePosixPairing; POSIX-private runtime/token and UNIX socket","DROP_AFTER_FIRST_STATE","MarketFeedClient -> LocalServiceClient -> macOS ServiceInstance","Retain last observation during reconnect; never label stale data LIVE","Not qualified: native Service channel unavailable; portable parser and Windows denial cases stay active","POSIX fixture is Unix-specific; packaged audit-token/code identity is macOS-specific; application invariant is portable","Candidate explicit-DACL named pipes plus independently approved live peer/code identity; no implemented equivalent","B (observed fixture), C (product gap); D is transitive channel prerequisite","Preserve original test and assertions; add genuine native Windows equivalent after RFC identity gate; no skip, forged credential or synthetic success","HIGH qualification gap: never infer protocol correctness or live status from fixture refusal"
