"Path","Category","SHA256","State","CoveredBy"
"mvp-binance-panel/src/main/java/panel/app/AppContext.java","Startup / JavaFX portability / unsupported IPC","8B8898592D9B217C453E1A02B82B2677471DD9CA237D8EFB3CA74D641A0DD2C0","modified","Current focused/full Maven run; no native IPC qualification"
"mvp-binance-panel/src/main/java/panel/app/PanelApp.java","Startup / JavaFX portability / unsupported IPC","3F4E89DF3A69F9FC9B3545B3CB0DEC03345EF8EC0F097A2B289EDB8F110A250F","modified","Current focused/full Maven run; no native IPC qualification"
"mvp-binance-panel/src/main/java/panel/authview/AuthLayout.java","Public visual corrections","C7FB27479A82DEF0EDD69A771BAF0E9270FC5471B5D1E404366296ACFB45E822","modified","Current focused/full Maven run; no native IPC qualification"
"mvp-binance-panel/src/main/java/panel/helpview/SupportScreen.java","Public visual corrections","6B0F15CF2A82E8EE9A958DA209CCC9E9C75EA2F5DCFAFE7CBCECAD162D435D37","modified","Current focused/full Maven run; no native IPC qualification"
"mvp-binance-panel/src/main/java/panel/localservice/LocalServiceClient.java","Startup / JavaFX portability / unsupported IPC","6BA0B36C963F792FBC4B17E90AA09C3235115D721F3A210EA6609345BACCE51D","modified","Current focused/full Maven run; no native IPC qualification"
"mvp-binance-panel/src/main/java/panel/localservice/ServiceLauncher.java","Startup / JavaFX portability / unsupported IPC","7DC6CF5D4CB40BEDD5A983B2F6D9D3FD2CCE93C7EFB0ED013A0BEE8018FA3ACB","modified","Current focused/full Maven run; no native IPC qualification"
"mvp-binance-panel/src/main/java/panel/notifications/ServiceNotificationObserver.java","Startup / JavaFX portability / unsupported IPC","B295412EF4040558BE16BAE3E373858A9E4B1C85429ABD17B4510739E8C479E7","modified","Current focused/full Maven run; no native IPC qualification"
"mvp-binance-panel/src/main/java/panel/security/Database.java","Windows secure-storage / cross-platform dispatch","62364FE3AB9D27F1AC358F2CADB05CB0D71838C675526A08F6D3883A80CF6498","modified","Current focused/full Maven run; no native IPC qualification"
"mvp-binance-panel/src/main/java/panel/security/PrivateFiles.java","Windows secure-storage / cross-platform dispatch","C7FB96A07C8A59AFB42561019A32577FBE761AC052795FE05E03A62E76A5EED0","modified","Current focused/full Maven run; no native IPC qualification"
"mvp-binance-panel/src/main/resources/panel/v2/auth.css","Public visual corrections","8692B263A8E6D70FBC624F2DDD6B2472F473F049DFB47119474E2EDB4DFA3449","modified","Current focused/full Maven run; no native IPC qualification"
"mvp-binance-panel/src/test/java/panel/BackendGatewayTest.java","Portable regression tests / helpers","67D09305E1CB176522D587CD81E5726A3820A7D36DCBE0AFDBC884B6F7FC8F58","modified","Current focused/full Maven run; no native IPC qualification"
"mvp-binance-panel/src/test/java/panel/ByxWalletOwnershipTest.java","Portable regression tests / helpers","8A64EF707EDF2CBC9D9DF748B0A8506BB87EC3C7A00E794CC6C86EEF20DE30A5","modified","Current focused/full Maven run; no native IPC qualification"
"mvp-binance-panel/src/test/java/panel/CaptureMonitorTest.java","Portable regression tests / helpers","666BE66E91914EC448F98D6CC2D0C31E9AAD6081BAF62946330026D729A72F9D","modified","Current focused/full Maven run; no native IPC qualification"
"mvp-binance-panel/src/test/java/panel/CaptureRuntimeResolverTest.java","Portable regression tests / helpers","B2383D35943BA67B35525E0EAE96D82C2331EDFAD2B5D109F577F1C7147A0B50","modified","Current focused/full Maven run; no native IPC qualification"
"mvp-binance-panel/src/test/java/panel/ChainOwnershipGuardTest.java","Portable regression tests / helpers","9C7910B0F9A0D95F0BCBFA6EF1F1224D6925FFB210C0A8DD483C8103C642635E","modified","Current focused/full Maven run; no native IPC qualification"
"mvp-binance-panel/src/test/java/panel/FinalSafetyTest.java","Portable regression tests / helpers","FFA30A0E18195FDB10412B22656A2B03B27746BD2D8B49D142408D44FE80CCBF","modified","Current focused/full Maven run; no native IPC qualification"
"mvp-binance-panel/src/test/java/panel/GasSignerIsolationTest.java","Portable regression tests / helpers","507E819EAC240661E4EDA20B04DA38CE919B904FEA81852D0D0B8DEB9CB1F5EE","modified","Current focused/full Maven run; no native IPC qualification"
"mvp-binance-panel/src/test/java/panel/LegacyAuthDisabledTest.java","Portable regression tests / helpers","2F7E75C42937629838D759D17A6A9D228958FE5BF4D62BB04D395353867AEC17","modified","Current focused/full Maven run; no native IPC qualification"
"mvp-binance-panel/src/test/java/panel/PackageANavigationBoundaryTest.java","Portable regression tests / helpers","D573FABDC142F211836F2AEB3172591D7B89FDC8EE11E376845D3D98C2F36FFA","modified","Current focused/full Maven run; no native IPC qualification"
"mvp-binance-panel/src/test/java/panel/PackageC1AuthorityTest.java","Portable regression tests / helpers","C92F14C9F6C9CCF9B2F496F1C477B3D23F908833091D2291C8E02D15620DEF4C","modified","Current focused/full Maven run; no native IPC qualification"
"mvp-binance-panel/src/test/java/panel/PackageC3AppIsolationTest.java","Portable regression tests / helpers","12AF72F082FF13EFF1D2856ED35646441E9234769AD99CB5A22E6F35E4716B48","modified","Current focused/full Maven run; no native IPC qualification"
"mvp-binance-panel/src/test/java/panel/ResearchGateReproductionTest.java","Portable regression tests / helpers","98C2F09F331102B65FF0B1861BCF6A81699E6AE722EDBA7CF51C9EF0D3BA5BCB","modified","Current focused/full Maven run; no native IPC qualification"
"mvp-binance-panel/src/test/java/panel/ScientificCaptureResolverTest.java","Portable regression tests / helpers","43DEE3886257BB2E52660A1DF6C84EB1FF778F1FAB67A55607CB1AB159AB1405","modified","Current focused/full Maven run; no native IPC qualification"
"mvp-binance-panel/src/test/java/panel/ServerAuthorizationBoundaryTest.java","Portable regression tests / helpers","138CA09DDAA92BFE5D65287CB0927FD73D44B67D939B752185126431747EFD72","modified","Current focused/full Maven run; no native IPC qualification"
"mvp-binance-panel/src/test/java/panel/ShellComponentsTest.java","Portable regression tests / helpers","A99E7110137FF8D9B2D6480B17FFC388214DD6B9489A0BBA577F63212AA0E1AA","modified","Current focused/full Maven run; no native IPC qualification"
"mvp-binance-panel/src/test/java/panel/adapter/ServiceChainGatewayTest.java","Portable regression tests / helpers","E9BBF454CE46E492FECE9CF2FDAE2D95610DC5B73E92E7C0B896A7A3ABB35C21","modified","Current focused/full Maven run; no native IPC qualification"
"mvp-binance-panel/src/test/java/panel/localservice/AuthorityClientTest.java","Portable regression tests / helpers","E6A4C9F7D6B944BA0256A0BB772FE18B3924FE2C87AB653B57BD4D175C2E3A0E","modified","Current focused/full Maven run; no native IPC qualification"
"mvp-binance-panel/src/test/java/panel/localservice/ChainStatusClientTest.java","Portable regression tests / helpers","28EF4564FB7FE5348D0F74911D98D9E8586CD966E0C1D7BB460F336989DFEF21","modified","Current focused/full Maven run; no native IPC qualification"
"mvp-binance-panel/src/test/java/panel/localservice/FakeMarketService.java","Portable regression tests / helpers","BE774FDFB303AA2BE24DF10C38B786024099D77FC6F8791BC9B4EE936D9B8B2E","modified","Current focused/full Maven run; no native IPC qualification"
"mvp-binance-panel/src/test/java/panel/localservice/FakeService.java","Portable regression tests / helpers","DE12299145DB6521D851FC41EAA928BD0A6507FA9C5CCB7A1271DD2C5E375CA0","modified","Current focused/full Maven run; no native IPC qualification"
"mvp-binance-panel/src/test/java/panel/localservice/LocalServiceClientTest.java","Portable regression tests / helpers","842CD3081B4213AB906E6E1F8D1E841666D28D17D12A71C24EBAC4D2247BC5EF","modified","Current focused/full Maven run; no native IPC qualification"
"mvp-binance-panel/src/test/java/panel/localservice/MarketFeedClientTest.java","Portable regression tests / helpers","7ECE1B1D7B7F56020A1A86533DAFC717C1ABA94BA13C1B3C3D0E1E40592F00EC","modified","Current focused/full Maven run; no native IPC qualification"
"mvp-binance-panel/src/test/java/panel/mascot/MascotPresenceViewTest.java","Portable regression tests / helpers","CCAF7137364C4AEAA41BD93F48F8B14CA6D70A71D199AA72F0ED1DCB915F239E","modified","Current focused/full Maven run; no native IPC qualification"
"mvp-binance-panel/src/test/java/panel/mascot/MascotViewTest.java","Portable regression tests / helpers","3BB84C5A0B244A917E1962644E0A7B3CFD13D9CDD7250048DD473525240CA545","modified","Current focused/full Maven run; no native IPC qualification"
"mvp-binance-panel/src/test/java/panel/runtime/LegacyIsolationProductTest.java","Portable regression tests / helpers","57ACCB2F437591572AF41A29091730ABAC3DCFD2395B263668559D4CFDF4E86B","modified","Current focused/full Maven run; no native IPC qualification"
"mvp-binance-panel/src/test/java/panel/runtime/RuntimeMigrationTest.java","Portable regression tests / helpers","D1843832A816B26D7873CBA08CDF21530CBD7742BE65110B534171761A391FA3","modified","Current focused/full Maven run; no native IPC qualification"
"mvp-binance-panel/src/test/java/panel/security/LegacyPanelDbTest.java","Portable regression tests / helpers","948FA162CEAD5201BBB0D120B586943F8CC74CE2745E3AE52DEB34B493AF9C8D","modified","Current focused/full Maven run; no native IPC qualification"
"mvp-binance-panel/src/test/java/panel/security/PrivateFilesTest.java","Portable regression tests / helpers","72CB39762144AB4741B78ACA4514B5A01F8F571A8FC693D16D6D9C33737BBC52","modified","Current focused/full Maven run; no native IPC qualification"
"mvp-binance-panel/src/main/java/panel/security/RuntimeStorage.java","Windows secure-storage / cross-platform dispatch","749AD9F81E96584782E85F67FBD17D97ACAEE1CE9573A6D7F8BF25C889F43B49","new","Current focused/full Maven run; no native IPC qualification"
"mvp-binance-panel/src/main/java/panel/security/WindowsStorage.java","Windows secure-storage / cross-platform dispatch","494E50906484EBE199E600AA70DC9F6FADEF2B366CDA455CFF312024FC3F6323","new","Current focused/full Maven run; no native IPC qualification"
"mvp-binance-panel/src/test/java/panel/ProcessTestChild.java","Portable regression tests / helpers","B5751EB7F19CBEE20630ADE405BB813FA15DDD8817F0D037C04B37A022B45117","new","Current focused/full Maven run; no native IPC qualification"
"mvp-binance-panel/src/test/java/panel/PublicResponsiveLayoutTest.java","Portable regression tests / helpers","23E9099D0D674EFFD71B8989C1A8422C4E7DD5901494F8F7D3D7BAB10F331417","new","Current focused/full Maven run; no native IPC qualification"
"mvp-binance-panel/src/test/java/panel/PublicVisualQa.java","Portable regression tests / helpers","96B8F5B4D1BD3C9A38E1672A08906150A3580487A679B5D27C72F95AE33E7F51","new","Current focused/full Maven run; no native IPC qualification"
"mvp-binance-panel/src/test/java/panel/SecureTempDirFactory.java","Portable regression tests / helpers","26303529A08DC213939C90F1523BE335B133FB6127B327F90C533B6E58DD13E3","new","Current focused/full Maven run; no native IPC qualification"
"mvp-binance-panel/src/test/java/panel/WindowsPublicLayoutTest.java","Windows-specific tests","94AE3C0BC4564CA003C2021041FB0C531DCC77D06E9C2919CF1F754E758EA5AE","new","Current focused/full Maven run; no native IPC qualification"
"mvp-binance-panel/src/test/java/panel/localservice/IpcProtocolContractTest.java","Portable regression tests / helpers","B6ECA26176BE9C0AC3E3B12B7AB9044BC018593999F9ABF34C715083B0FD9F75","new","Current focused/full Maven run; no native IPC qualification"
"mvp-binance-panel/src/test/java/panel/localservice/IpcTestFiles.java","Portable regression tests / helpers","90E43AEFCA24B35C7D28AAE2004732EF2AFAE9A7CCE93F3FA714178D41EB103E","new","Current focused/full Maven run; no native IPC qualification"
"mvp-binance-panel/src/test/java/panel/localservice/WindowsServiceUnavailableTest.java","Windows-specific tests","C6FE5A6BBB1C2F90EF33B373DA59D5B93DBC685A6A177CD2530C6E41979B0E25","new","Current focused/full Maven run; no native IPC qualification"
"mvp-binance-panel/src/test/java/panel/security/WindowsStorageTest.java","Windows-specific tests","560EF5B8921440B50D596EDAF891ED1A2E9860E843077A3E2A9AC3E85A60A9F2","new","Current focused/full Maven run; no native IPC qualification"
